no_obs,varenummer,varenavn,Virkestoff,legemiddelform,Styrke,Dose ,ml/dose/day,kg,Doseper kg min,Dose per kilo max,min kg,max kg,min days,max days,min dose,Max dose,Max dose*2,lmp_enhet_pakning_v,Source
1,426160,Ampicillin STADA,Ampicillin,Injeksjon_pulver,1 g,4.4–11 mg/kg,0.044,1,0.044,0.11,40,1300,1,10,1.76,1430,2860,g,https://www.msdvetmanual.com/multimedia/table/dosages-of-penicillins
4,136334,Ampicillin STADA,Ampicillin,Injeksjon_pulver,2 g,4.4–11 mg/kg,0.044,1,0.044,0.11,40,1300,1,10,1.76,1430,2860,g,https://www.msdvetmanual.com/multimedia/table/dosages-of-penicillins
1,348917,Ampicillin VM ratiopharm SA,Ampicillin,NA,2 g,4.4–11 mg/kg,0.044,1,0.044,0.11,40,1300,1,10,1.76,1430,2860,g,https://www.msdvetmanual.com/multimedia/table/dosages-of-penicillins
1,222138,Ampicillin-ratiopharm,Ampicillin,Injeksjon_pulver,2 g,4.4–11 mg/kg,0.044,1,0.044,0.11,40,1300,1,10,1.76,1430,2860,g,https://www.msdvetmanual.com/multimedia/table/dosages-of-penicillins
1,589507,Apocillin,Fenoksymetylpenicillin,Tablett,660 mg,30- 95 mg/kg,0.045,1,0.045,0.14,40,1300,1,10,1.8,1820,3640,stk,https://www.msdvetmanual.com/multimedia/table/dosages-of-penicillins
1,589465,Apocillin,Fenoksymetylpenicillin,Tablett,165 mg,30- 95 mg/kg,0.18,1,0.18,0.57,40,1300,1,10,7.2,7410,14820,stk,https://www.msdvetmanual.com/multimedia/table/dosages-of-penicillins
1,33729,Apocillin,Fenoksymetylpenicillin,Tablett,1 g,30- 95 mg/kg,0.03,1,0.03,0.095,40,1300,1,10,1.2,1235,2470,stk,https://www.msdvetmanual.com/multimedia/table/dosages-of-penicillins
32,11818,Apocillin,Fenoksymetylpenicillin,Tablett,660 mg,30- 95 mg/kg,0.045,1,0.045,0.57,40,1300,1,10,1.8,7410,14820,stk,https://www.msdvetmanual.com/multimedia/table/dosages-of-penicillins
39,210301,Aquacycline vet,Oksytetrasyklin,Injeksjon,180 mg per 1 ml,5-10 mg pr. kg legemsvægt,1,18,0.06,0.11,40,1300,1,10,2.2,1444,2889,ml,https://xnet.dkma.dk/indlaegsseddel/PdfFileServlet?formulationid=2431&lang=da
6,519493,Bactrim,Sulfametoksazol | Trimetoprim,Oral oppløsning,40 mg per 1 ml | 8 mg per 1 ml,15 mg kg,0.3,1,0.3,,40,1300,1,10,12,3900,7800,ml,https://www.felleskatalogen.no/medisin-vet/borgal-vet-ceva-santee-animale-547049?markering=0
62,424466,Bactrim,Sulfametoksazol | Trimetoprim,Tablett,400 mg | 80 mg,15 mg kg,0.03,1,0.03,,40,1300,1,10,1.2,390,780,stk,https://www.felleskatalogen.no/medisin-vet/borgal-vet-ceva-santee-animale-547049?markering=0
12,364639,Bactrim,Sulfametoksazol | Trimetoprim,Infusjon,400 mg per 5 ml | 80 mg per 5 ml,15 mg kg,0.15,1,0.15,,40,1300,1,10,6,1950,3900,ml,https://www.felleskatalogen.no/medisin-vet/borgal-vet-ceva-santee-animale-547049?markering=0
50,232325,Bactrim,Sulfametoksazol | Trimetoprim,Tablett,400 mg | 80 mg,15 mg kg,0.03,1,0.03,,40,1300,1,10,1.2,390,780,stk,https://www.felleskatalogen.no/medisin-vet/borgal-vet-ceva-santee-animale-547049?markering=0
8,124511,Bactrim,Sulfametoksazol | Trimetoprim,Oral oppløsning,40 mg per 1 ml | 8 mg per 1 ml,15 mg kg,0.3,1,0.3,,40,1300,1,10,12,3900,7800,ml,https://www.felleskatalogen.no/medisin-vet/borgal-vet-ceva-santee-animale-547049?markering=0
84,124453,Bactrim,Sulfametoksazol | Trimetoprim,Tablett,400 mg | 80 mg,15 mg kg,0.03,1,0.03,,40,1300,1,10,1.2,390,780,stk,https://www.felleskatalogen.no/medisin-vet/borgal-vet-ceva-santee-animale-547049?markering=0
1,484788,Baytril,Enrofloksacin,Tablett,150 mg,5 mg/ kg,0.033,1,0.033,,40,1300,1,5,1.32,214.5,429,stk,https://www.felleskatalogen.no/medisin-vet/baytril-vet-elanco-546731?markering=0
17,496174,Baytril vet,Enrofloksacin,Tablett,150 mg,5 mg/ kg,0.033,1,0.033,,40,1300,1,5,1.32,214.5,429,stk,https://www.felleskatalogen.no/medisin-vet/baytril-vet-elanco-546731?markering=0
101,437921,Baytril vet,Enrofloksacin,Injeksjon,25 mg per 1 ml,5 mg/ kg,0.2,1,0.2,,40,1300,1,5,8,1300,2600,ml,https://www.felleskatalogen.no/medisin-vet/baytril-vet-elanco-546731?markering=0
1,261481,Baytril vet,Enrofloksacin,Oral oppløsning,25 mg per 1 ml,5 mg/ kg,0.2,1,0.2,,40,1300,1,5,8,1300,2600,ml,https://www.felleskatalogen.no/medisin-vet/baytril-vet-elanco-546731?markering=0
5405,34041,Baytril vet,Enrofloksacin,Injeksjon,100 mg per 1 ml,5 mg/ kg,1,20,0.05,,40,1300,1,5,2,325,650,ml,https://www.felleskatalogen.no/medisin-vet/baytril-vet-elanco-546731?markering=0
20,34033,Baytril vet,Enrofloksacin,Tablett,50 mg,5 mg/ kg,0.1,1,0.1,,40,1300,1,5,4,650,1300,stk,https://www.felleskatalogen.no/medisin-vet/baytril-vet-elanco-546731?markering=0
6,27409,Baytril vet,Enrofloksacin,Tablett,15 mg,5 mg/ kg,0.33,1,0.33,,40,1300,1,5,13.2,2145,4290,stk,https://www.felleskatalogen.no/medisin-vet/baytril-vet-elanco-546731?markering=0
2,19775,Baytril vet,Enrofloksacin,Tablett,150 mg,5 mg/ kg,0.033,1,0.033,,40,1300,1,5,1.32,214.5,429,stk,https://www.felleskatalogen.no/medisin-vet/baytril-vet-elanco-546731?markering=0
11319,279687,Benestermycin vet,Benzylpenicillin | Penetamat | Framycetin,Intramammarie DCT,280 mg | 100 mg | 100 mg,,,,1,,1,4,1,1,1,4,,sprøyte,https://www.dmp.no/veterinermedisin/terapianbefalinger-og-forskrivning-av-legemidler-til-dyr/bruk-av-antibakterielle-midler-til-matproduserende-dyr/terapianbefalinger-for-storfe#Jur-2
816,279687,Benestermycin vet,Benzylpenicillin | Penetamat | Framycetin,Intramammarie DCT,280 mg | 100 mg | 100 mg,,,,1,,1,4,1,1,1,4,,sprøyte,https://www.dmp.no/veterinermedisin/terapianbefalinger-og-forskrivning-av-legemidler-til-dyr/bruk-av-antibakterielle-midler-til-matproduserende-dyr/terapianbefalinger-for-storfe#Jur-2
5,546838,Benzylpenicillin Panpharma,Benzylpenicillin,Injeksjon_pulver,1.2 g,20.000 ie/kg,0.012,1,0.012,,40,1300,1,10,0.48,156,312,g,https://www.msdvetmanual.com/multimedia/table/dosages-of-penicillins
8,505503,Benzylpenicillin Panpharma,Benzylpenicillin,Injeksjon_pulver,0.6 g,20.000 ie/kg,0.012,1,0.012,,40,1300,1,10,0.48,156,312,g,https://www.msdvetmanual.com/multimedia/table/dosages-of-penicillins
163,505495,Benzylpenicillin Panpharma,Benzylpenicillin,Injeksjon_pulver,3 g,20.000 ie/kg,0.012,1,0.012,,40,1300,1,10,0.48,156,312,g,https://www.msdvetmanual.com/multimedia/table/dosages-of-penicillins
4,505495,Benzylpenicillin Panpharma,Benzylpenicillin,Injeksjon_pulver,3 g,20.000 ie/kg,0.012,1,0.012,,40,1300,1,10,0.48,156,312,g,https://www.msdvetmanual.com/multimedia/table/dosages-of-penicillins
1,260255,Benzylpenicillin VM actavis SA,Benzylpenicillin,Infusjon_pulver,1.2 g,20.000 ie/kg,0.012,1,0.012,,40,1300,1,10,0.48,156,312,g,https://www.msdvetmanual.com/multimedia/table/dosages-of-penicillins
1,232807,Benzylpenicillin VM actavis SA,Benzylpenicillin,Infusjon_pulver,3 g,20.000 ie/kg,0.012,1,0.012,,40,1300,1,10,0.48,156,312,g,https://www.msdvetmanual.com/multimedia/table/dosages-of-penicillins
8,348488,Benzylpenicillin VM panpharma SA,Benzylpenicillin,NA,1.2 g,20.000 ie/kg,0.012,1,0.012,,40,1300,1,10,0.48,156,312,g,https://www.msdvetmanual.com/multimedia/table/dosages-of-penicillins
13,311264,Benzylpenicillin VM panpharma SA,Benzylpenicillin,NA,3 g,20.000 ie/kg,0.012,1,0.012,,40,1300,1,10,0.48,156,312,g,https://www.msdvetmanual.com/multimedia/table/dosages-of-penicillins
1,284231,Benzylpenicillin VM panpharma SA,Benzylpenicillin,Infusjon_pulver,3 g,20.000 ie/kg,0.012,1,0.012,,40,1300,1,10,0.48,156,312,g,https://www.msdvetmanual.com/multimedia/table/dosages-of-penicillins
1,284231,Benzylpenicillin VM panpharma SA,Benzylpenicillin,Infusjon_pulver,3 g,20.000 ie/kg,0.012,1,0.012,,40,1300,1,10,0.48,156,312,g,https://www.msdvetmanual.com/multimedia/table/dosages-of-penicillins
248,573998,Borgal vet,Sulfadoksin | Trimetoprim,Injeksjon,200 mg per 1 ml | 40 mg per 1 ml,15 mg/kg,0.6,10,0.06,,40,1300,1,10,2.4,780,1560,ml,https://www.felleskatalogen.no/medisin-vet/borgal-vet-ceva-santee-animale-547049?markering=0
2,573998,Borgal vet,Sulfadoksin | Trimetoprim,Injeksjon,200 mg per 1 ml | 40 mg per 1 ml,15 mg/kg,0.6,10,0.06,,40,1300,1,10,2.4,780,1560,ml,https://www.felleskatalogen.no/medisin-vet/borgal-vet-ceva-santee-animale-547049?markering=0
91308,502070,Borgal vet,Sulfadoksin | Trimetoprim,Injeksjon,200 mg per 1 ml | 40 mg per 1 ml,15 mg/kg,0.6,10,0.06,,40,1300,1,10,2.4,780,1560,ml,https://www.felleskatalogen.no/medisin-vet/borgal-vet-ceva-santee-animale-547049?markering=1
10,502070,Borgal vet,Sulfadoksin | Trimetoprim,Injeksjon,200 mg per 1 ml | 40 mg per 1 ml,15 mg/kg,0.6,10,0.06,,40,1300,1,10,2.4,780,1560,ml,https://www.felleskatalogen.no/medisin-vet/borgal-vet-ceva-santee-animale-547049?markering=2
476,308144,Borgal vet,Sulfadoksin | Trimetoprim,Injeksjon,200 mg per 1 ml | 40 mg per 1 ml,15 mg/kg,0.6,10,0.06,,40,1300,1,10,2.4,780,1560,ml,https://www.felleskatalogen.no/medisin-vet/borgal-vet-ceva-santee-animale-547049?markering=3
1420,264291,Borgal vet,Sulfadoksin | Trimetoprim,Injeksjon,62.5 mg per 1 ml | 12.5 mg per 1 ml,15 mg/kg,0.2,1,0.2,,40,1300,1,10,8,2600,5200,ml,https://www.felleskatalogen.no/medisin-vet/borgal-vet-ceva-santee-animale-547049?markering=4
3240,19403,Carepen vet,Benzylpenicillin,Intramammarie,600 mg per 1 sprøyte,,,,,,1,4,1,6,1,24,,sprøyte,https://www.felleskatalogen.no/medisin-vet/carepen-vet-vetcare-547273?markering=0
272,19403,Carepen vet,Benzylpenicillin,Intramammarie,600 mg per 1 sprøyte,,,,,,1,4,1,6,1,24,,sprøyte,https://www.felleskatalogen.no/medisin-vet/carepen-vet-vetcare-547273?markering=0
3344,1994,Carepen vet,Benzylpenicillin,Intramammarie,600 mg per 1 sprøyte,,,,,,1,4,1,6,1,24,,sprøyte,https://www.felleskatalogen.no/medisin-vet/carepen-vet-vetcare-547273?markering=0
2593,1994,Carepen vet,Benzylpenicillin,Intramammarie,600 mg per 1 sprøyte,,,,,,1,4,1,6,1,24,,sprøyte,https://www.felleskatalogen.no/medisin-vet/carepen-vet-vetcare-547273?markering=0
,482630,Carepen vet,Benzylpenicillin,Intramammarie,600 mg per 1 sprøyte,,,,,,1,4,1,6,1,24,,sprøyte,https://www.felleskatalogen.no/medisin-vet/carepen-vet-vetcare-547273?markering=0
,486198,Carepen vet,Benzylpenicillin,Intramammarie,600 mg per 1 sprøyte,,,,,,1,4,1,6,1,24,,sprøyte,https://www.felleskatalogen.no/medisin-vet/carepen-vet-vetcare-547273?markering=0
14,296929,Clamoxyl Long Acting vet 150 mg/ml,Amoksicillin,Injeksjon,150 mg per 1 ml,7 mg/kg,1,20,0.05,,40,1300,1,2,2,130,260,ml,https://www.felleskatalogen.no/medisin-vet/clamoxyl-vet-zoetis-547554?markering=0
39,350942,Clamoxyl prolongatum vet 150 mg/ml,Amoksicillin,Injeksjon,150 mg per 1 ml,7 mg/kg,1,20,0.05,,40,1300,1,2,2,130,260,ml,https://www.felleskatalogen.no/medisin-vet/clamoxyl-vet-zoetis-547554?markering=1
1,424075,Clamoxyl vet,Amoksicillin,Oral oppløsning_pulver,510 mg per 1 g,7 mg/kg,0.013,1,0.013,,40,1300,1,10,0.00052,0.169,0.338,kg,https://www.felleskatalogen.no/medisin-vet/clamoxyl-vet-zoetis-547554?markering=2
10,120596,Clamoxyl vet,Amoksicillin,Tablett,200 mg,7 mg/kg,0.035,1,0.035,,40,1300,1,5,1.4,227.5,455,stk,https://www.felleskatalogen.no/medisin-vet/clamoxyl-vet-zoetis-547554?markering=3
15239,120105,Clamoxyl vet,Amoksicillin,Injeksjon,150 mg per 1 ml,7 mg/kg,1,10,0.1,,40,1300,1,5,4,650,1300,ml,https://www.felleskatalogen.no/medisin-vet/clamoxyl-vet-zoetis-547554?markering=4
2,40620,Clamoxyl vet,Amoksicillin,Tablett,40 mg,7 mg/kg,0.175,1,0.175,,40,1300,1,5,7,1137.5,2275,stk,https://www.felleskatalogen.no/medisin-vet/clamoxyl-vet-zoetis-547554?markering=5
8,73734,Colivet vet,Neomycin,Oral oppløsning,200 mg per 1 ml,60  mg /kg,0.3,1,0.3,,40,1300,1,10,12,3900,7800,ml,https://medicines.health.europa.eu/veterinary/no/600000090087
38,204824,Dihydrostreptomycin agrovet vet,Dihydrostreptomycin,Tablett,500 mg,11 mg/kg q 12,0.044,1,0.044,,40,1300,1,10,1.76,572,1144,stk,https://www.msdvetmanual.com/multimedia/table/dosages-of-aminoglycosides
531,188292,Dihydrostreptomycin vet,Dihydrostreptomycin,Tablett,500 mg,11 mg/kg q 12,0.044,1,0.044,,40,1300,1,10,1.76,572,1144,stk,https://www.msdvetmanual.com/multimedia/table/dosages-of-aminoglycosides
2863,188284,Dihydrostreptomycin vet,Dihydrostreptomycin,Tablett,500 mg,11 mg/kg q 12,0.044,1,0.044,,40,1300,1,10,1.76,572,1144,stk,https://www.msdvetmanual.com/multimedia/table/dosages-of-aminoglycosides
714,334462,Engemycin vet  100 mg/ml,Oksytetrasyklin,Injeksjon,100 mg per 1 ml,5-20 mg/kg,0.05,1,0.05,0.2,40,1300,1,2,2,520,1040,ml,https://medicines.health.europa.eu/veterinary/no/600000057014
1,544990,Florselect vet 300 mg /ml,Florfenikol,Injeksjon,300 mg per 1 ml,20 mg/kg,1,15,0.066666667,,40,1300,1,2,2.666666667,173.3333333,346.6666667,ml,https://fass.se/animal/product/20110210000036/fass-text
6,453130,Gensumycin 40 mg/ml,Gentamicin,Injeksjon,40 mg per 1 ml,2-4 mg/kg,0.05,1,0.05,0.1,40,1300,1,3,2,390,780,ml,https://medicines.health.europa.eu/veterinary/no/600000072932
4,216531,Genta-Kel 10 vet,Gentamicin,Injeksjon,100 mg per 1 ml,2-4 mg/kg,0.02,1,0.02,0.04,40,1300,1,3,0.8,156,312,ml,https://medicines.health.europa.eu/veterinary/no/600000072932
2,170628,Gentamicin B. Braun 1 mg/ml,Gentamicin,Infusjon,1 mg per 1 ml,2-4 mg/kg,2,1,2,4,40,1300,1,10,80,52000,104000,ml,https://medicines.health.europa.eu/veterinary/no/600000072932
8680,76460,Mastipen vet,Benzylpenicillin,Intramammarie,300 mg per 1 sprøyte,,,,,,1,4,1,6,1,24,,sprøyte,https://www.felleskatalogen.no/medisin-vet/mastipen-vet-vetpharma-a-s-561240?markering=0
3676,76460,Mastipen vet,Benzylpenicillin,Intramammarie,300 mg per 1 sprøyte,,,,,,1,4,1,6,1,24,,sprøyte,https://www.felleskatalogen.no/medisin-vet/mastipen-vet-vetpharma-a-s-561240?markering=0
15804,27442,Mastipen vet,Benzylpenicillin,Intramammarie,300 mg per 1 sprøyte,,,,,,1,4,1,6,1,24,,sprøyte,https://www.felleskatalogen.no/medisin-vet/mastipen-vet-vetpharma-a-s-561240?markering=1
1026,27442,Mastipen vet,Benzylpenicillin,Intramammarie,300 mg per 1 sprøyte,,,,,,1,4,1,6,1,24,,sprøyte,https://www.felleskatalogen.no/medisin-vet/mastipen-vet-vetpharma-a-s-561240?markering=2
38448,27429,Mastipen vet,Benzylpenicillin,Intramammarie,300 mg per 1 sprøyte,,,,,,1,4,1,6,1,24,,sprøyte,https://www.felleskatalogen.no/medisin-vet/mastipen-vet-vetpharma-a-s-561240?markering=3
70,27429,Mastipen vet,Benzylpenicillin,Intramammarie,300 mg per 1 sprøyte,,,,,,1,4,1,6,1,24,,sprøyte,https://www.felleskatalogen.no/medisin-vet/mastipen-vet-vetpharma-a-s-561240?markering=4
344,408074,Norodine vet,Trimetoprim | Sulfadiazin,Oralpasta,58 mg per 1 g | 288.3 mg per 1 g,15 mg/kg,0.043,1,0.043,,40,1300,1,10,1.72,559,,g,https://www.felleskatalogen.no/medisin-vet/borgal-vet-ceva-santee-animale-547049?markering=0
184,408074,Norodine vet,Trimetoprim | Sulfadiazin,Oralpasta,58 mg per 1 g | 288.3 mg per 1 g,15 mg/kg,0.043,1,0.043,,40,1300,1,10,1.72,559,,g,https://www.felleskatalogen.no/medisin-vet/borgal-vet-ceva-santee-animale-547049?markering=0
28,408074,Norodine vet,Trimetoprim | Sulfadiazin,Oralpasta,58 mg per 1 g | 288.3 mg per 1 g,15 mg/kg,0.043,1,0.043,,40,1300,1,10,1.72,559,,g,https://www.felleskatalogen.no/medisin-vet/borgal-vet-ceva-santee-animale-547049?markering=0
408,137448,Norodine vet,Trimetoprim | Sulfadiazin,Oralpasta,58 mg per 1 g | 288.3 mg per 1 g,15 mg/kg,0.043,1,0.043,,40,1300,1,10,1.72,559,,g,https://www.felleskatalogen.no/medisin-vet/borgal-vet-ceva-santee-animale-547049?markering=0
184,137448,Norodine vet,Trimetoprim | Sulfadiazin,Oralpasta,58 mg per 1 g | 288.3 mg per 1 g,15 mg/kg,0.043,1,0.043,,40,1300,1,10,1.72,559,,g,https://www.felleskatalogen.no/medisin-vet/borgal-vet-ceva-santee-animale-547049?markering=0
103,298132,Orbenin extra vet,Kloksacillin,Intramammarie DCT,1 g per 1 sprøyte,,,,1,,1,4,1,1,1,4,,sprøyte,https://medicines.health.europa.eu/veterinary/no/600000058841
75,298132,Orbenin extra vet,Kloksacillin,Intramammarie DCT,1 g per 1 sprøyte,,,,1,,1,4,1,1,1,4,,sprøyte,https://medicines.health.europa.eu/veterinary/no/600000058841
124,298104,Orbenin extra vet,Kloksacillin,Intramammarie DCT,1 g= 12 ml,,12,,,,1,4,1,1,12,48,,ml,https://medicines.health.europa.eu/veterinary/no/600000058841
1,298104,Orbenin extra vet,Kloksacillin,Intramammarie DCT,1 g=12 ml,,12,,,,1,4,1,1,12,48,,ml,https://medicines.health.europa.eu/veterinary/no/600000058841
81,244250,Orbenin extra vet,Kloksacillin,Intramammarie DCT,600 mg per 1 sprøyte,,6,,,,1,4,1,1,6,24,,g,https://medicines.health.europa.eu/veterinary/no/600000058841
51,244250,Orbenin extra vet,Kloksacillin,Intramammarie DCT,600 mg per 1 sprøyte,,6,,,,1,4,1,1,6,24,,g,https://medicines.health.europa.eu/veterinary/no/600000058841
10,244250,Orbenin extra vet,Kloksacillin,Intramammarie DCT,600 mg per 1 sprøyte,,6,,,,1,4,1,1,6,24,,g,https://medicines.health.europa.eu/veterinary/no/600000058841
3349,298153,Orbenin vet,Kloksacillin,Intramammarie DCT,500 mg per 1 sprøyte,,,,1,,1,4,1,1,1,4,,sprøyte,https://medicines.health.europa.eu/veterinary/no/600000058841
1466,298153,Orbenin vet,Kloksacillin,Intramammarie DCT,500 mg per 1 sprøyte,,,,1,,1,4,1,1,1,4,,sprøyte,https://medicines.health.europa.eu/veterinary/no/600000058841
1,456244,Oxolinsyre vet,Oksolinsyre,Medisinpellet,5 g per 1 kg,Til fisk,0,0,#DIV/0!,,40,1300,1,10,#DIV/0!,#DIV/0!,,kg,
499,449819,Penicillin Actavis,Benzylpenicillin,Injeksjon_pulver,"3 g= 5 mill ie, 1 gram=1 mill ie",20.000 ie/kg,0.012,1,0.012,,40,1300,1,10,0.48,156,,g,https://www.msdvetmanual.com/multimedia/table/dosages-of-penicillins
37,449819,Penicillin Actavis,Benzylpenicillin,Injeksjon_pulver,3 g,20.000 ie/kg,0.012,1,0.012,,40,1300,1,10,0.48,156,,g,https://www.msdvetmanual.com/multimedia/table/dosages-of-penicillins
28,440701,Penicillin Actavis,Benzylpenicillin,Injeksjon_pulver,6 g = 10 mill ie,20.000 ie/kg,0.012,1,0.012,,40,1300,1,10,0.48,156,,g,https://www.msdvetmanual.com/multimedia/table/dosages-of-penicillins
26,440701,Penicillin Actavis,Benzylpenicillin,Injeksjon_pulver,6 g,20.000 ie/kg,0.012,1,0.012,,40,1300,1,10,0.48,156,,g,https://www.msdvetmanual.com/multimedia/table/dosages-of-penicillins
11,440693,Penicillin Actavis,Benzylpenicillin,Injeksjon_pulver,1.2 g =2 mill ie,20.000 ie/kg,0.012,1,0.012,,40,1300,1,10,0.48,156,,g,https://www.msdvetmanual.com/multimedia/table/dosages-of-penicillins
1,440693,Penicillin Actavis,Benzylpenicillin,Injeksjon_pulver,1.2 g,20.000 ie/kg,0.012,1,0.012,,40,1300,1,10,0.48,156,,g,https://www.msdvetmanual.com/multimedia/table/dosages-of-penicillins
6,272666,Peni-Kel LA 15+15 vet,Benzylpenicillinprokain | Benzylpenicillinbenzatintetrahydrat,Injeksjon,150000 IU per 1 ml | 150000 IU per 1 ml,,1,25,0.04,0.06,40,1300,1,2,1.6,156,312,ml,https://products.kela.health/assets/2024_product-fiche_export_Penikel-1515-LA.pdf
1,37995,Penomax,Pivmecillinam,Tablett,400 mg,IKKE MRL,0,0,#DIV/0!,,40,1300,1,10,#DIV/0!,#DIV/0!,,stk,
789,511675,Penovet vet,Benzylpenicillin,Injeksjon,300 mg per 1 ml,20 000-60 000 IE pr. kg og døgn,1.5,10,0.15,0.1,40,1300,1,10,6,1300,2600,ml,https://www.felleskatalogen.no/medisin-vet/penovet-vet-boehringer-ingelheim-animal-health-nordics-a-s-562709
6,511675,Penovet vet,Benzylpenicillin,Injeksjon,300 mg per 1 ml,20 000-60 000 IE pr. kg og døgn,1.5,10,0.15,0.1,40,1300,1,10,6,1300,2600,ml,https://www.felleskatalogen.no/medisin-vet/penovet-vet-boehringer-ingelheim-animal-health-nordics-a-s-562709
175344,454918,Penovet vet,Benzylpenicillin,Injeksjon,300 mg per 1 ml,20 000-60 000 IE pr. kg og døgn,1.5,10,0.15,0.1,40,1300,1,10,6,1300,2600,ml,https://www.felleskatalogen.no/medisin-vet/penovet-vet-boehringer-ingelheim-animal-health-nordics-a-s-562709
35,454918,Penovet vet,Benzylpenicillin,Injeksjon,300 mg per 1 ml,20 000-60 000 IE pr. kg og døgn,1.5,10,0.15,0.1,40,1300,1,10,6,1300,2600,ml,https://www.felleskatalogen.no/medisin-vet/penovet-vet-boehringer-ingelheim-animal-health-nordics-a-s-562709
187224,144907,Penovet vet,Benzylpenicillin,Injeksjon,300 mg per 1 ml,20 000-60 000 IE pr. kg og døgn,1.5,10,0.15,0.1,40,1300,1,10,6,1300,2600,ml,https://www.felleskatalogen.no/medisin-vet/penovet-vet-boehringer-ingelheim-animal-health-nordics-a-s-562709
51,144907,Penovet vet,Benzylpenicillin,Injeksjon,300 mg per 1 ml,20 000-60 000 IE pr. kg og døgn,1.5,10,0.15,0.1,40,1300,1,10,6,1300,2600,ml,https://www.felleskatalogen.no/medisin-vet/penovet-vet-boehringer-ingelheim-animal-health-nordics-a-s-562709
856,560289,Primopen,Benzylpenicillin,Injeksjon,300 mg per 1 ml,20 000-60 000 IE pr. kg og døgn,1.5,10,0.15,0.1,40,1300,1,10,6,1300,2600,ml,https://www.felleskatalogen.no/medisin-vet/penovet-vet-boehringer-ingelheim-animal-health-nordics-a-s-562709
1,560289,Primopen,Benzylpenicillin,Injeksjon,300 mg per 1 ml,20 000-60 000 IE pr. kg og døgn,1.5,10,0.15,0.1,40,1300,1,10,6,1300,2600,ml,https://www.felleskatalogen.no/medisin-vet/penovet-vet-boehringer-ingelheim-animal-health-nordics-a-s-562709
19334,101096,Resflor vet,Florfenikol | Fluniksin,Injeksjon,300 mg per 1 ml | 16.5 mg per 1 ml,40 mg/kg,2,15,0.13,,40,1300,1,1,5.3,173.3,346.7,ml,https://www.felleskatalogen.no/medisin-vet/resflor-vet-msd-animal-health-563418
1230,298127,Siccalactin vet ,Benzylpenicillin | Dihydrostreptomycin,Intramammarie DCT,170 mg per 8 g | 400 mg per 8 g,,,,1,,1,4,1,1,1,4,,sprøyte,https://www.dmp.no/veterinermedisin/terapianbefalinger-og-forskrivning-av-legemidler-til-dyr/bruk-av-antibakterielle-midler-til-matproduserende-dyr/terapianbefalinger-for-storfe#Jur-2
8,298127,Siccalactin vet ,Benzylpenicillin | Dihydrostreptomycin,Intramammarie DCT,170 mg per 8 g | 400 mg per 8 g,,,,1,,1,4,1,1,1,4,,sprøyte,https://www.dmp.no/veterinermedisin/terapianbefalinger-og-forskrivning-av-legemidler-til-dyr/bruk-av-antibakterielle-midler-til-matproduserende-dyr/terapianbefalinger-for-storfe#Jur-2
14756,264994,Siccalactin vet ,Benzylpenicillin | Dihydrostreptomycin,Intramammarie DCT,170 mg per 8 g | 400 mg per 8 g,,,,1,,1,4,1,1,1,4,,sprøyte,https://www.dmp.no/veterinermedisin/terapianbefalinger-og-forskrivning-av-legemidler-til-dyr/bruk-av-antibakterielle-midler-til-matproduserende-dyr/terapianbefalinger-for-storfe#Jur-2
18,264994,Siccalactin vet ,Benzylpenicillin | Dihydrostreptomycin,Intramammarie DCT,170 mg per 8 g | 400 mg per 8 g,,,,1,,1,4,1,1,1,4,,sprøyte,https://www.dmp.no/veterinermedisin/terapianbefalinger-og-forskrivning-av-legemidler-til-dyr/bruk-av-antibakterielle-midler-til-matproduserende-dyr/terapianbefalinger-for-storfe#Jur-2
8,22889,STREPTIPENPROKAIN VET,Dihydrostreptomycin  | Benzylpenicillinprokain ,Injeksjon,250 mg per 1 ml | 200 mg per 1 ml,12.5 - 25 mg mg/kg,0.02,1,0.02,0.055,40,1300,1,1,0.8,71.5,143,ml,https://www.interchemie.com/veterinary-medicines/penstrep-400
176,522011,Streptocillin Forte vet,Benzylpenicillinprokainmonohydrat | Dihydrostreptomycin,Intramammarie,500 mg | 1 g,,8,,,,1,4,1,6,8,192,,g,https://www.dmp.no/veterinermedisin/terapianbefalinger-og-forskrivning-av-legemidler-til-dyr/bruk-av-antibakterielle-midler-til-matproduserende-dyr/terapianbefalinger-for-storfe#Jur-2
4,522011,Streptocillin Forte vet,Benzylpenicillinprokainmonohydrat | Dihydrostreptomycin,Intramammarie,500 mg | 1 g,,8,,,,1,4,1,6,8,192,,g,https://www.dmp.no/veterinermedisin/terapianbefalinger-og-forskrivning-av-legemidler-til-dyr/bruk-av-antibakterielle-midler-til-matproduserende-dyr/terapianbefalinger-for-storfe#Jur-2
606,444992,Streptocillin Forte vet,Benzylpenicillinprokain | Dihydrostreptomycin,Intramammarie,500 mg | 1 g,,8,,,,1,4,1,6,8,192,,g,https://www.dmp.no/veterinermedisin/terapianbefalinger-og-forskrivning-av-legemidler-til-dyr/bruk-av-antibakterielle-midler-til-matproduserende-dyr/terapianbefalinger-for-storfe#Jur-2
40,444992,Streptocillin Forte vet,Benzylpenicillinprokain | Dihydrostreptomycin,Intramammarie,500 mg | 1 g,,8,,,,1,4,1,6,8,192,,g,https://www.dmp.no/veterinermedisin/terapianbefalinger-og-forskrivning-av-legemidler-til-dyr/bruk-av-antibakterielle-midler-til-matproduserende-dyr/terapianbefalinger-for-storfe#Jur-2
15468,11015,Streptocillin Forte vet,Benzylpenicillinprokainmonohydrat | Dihydrostreptomycin,Intramammarie,500 mg | 1 g,,8,,,,1,4,1,6,8,192,,g,https://www.dmp.no/veterinermedisin/terapianbefalinger-og-forskrivning-av-legemidler-til-dyr/bruk-av-antibakterielle-midler-til-matproduserende-dyr/terapianbefalinger-for-storfe#Jur-2
12574,11015,Streptocillin Forte vet,Benzylpenicillinprokainmonohydrat | Dihydrostreptomycin,Intramammarie,500 mg | 1 g,,8,,,,1,4,1,6,8,192,,g,https://www.dmp.no/veterinermedisin/terapianbefalinger-og-forskrivning-av-legemidler-til-dyr/bruk-av-antibakterielle-midler-til-matproduserende-dyr/terapianbefalinger-for-storfe#Jur-2
642,522003,Streptocillin vet,Benzylpenicillinprokainmonohydrat | Dihydrostreptomycin,Intramammarie,200 mg | 200 mg,,8,,,,1,4,1,6,8,192,,g,https://www.dmp.no/veterinermedisin/terapianbefalinger-og-forskrivning-av-legemidler-til-dyr/bruk-av-antibakterielle-midler-til-matproduserende-dyr/terapianbefalinger-for-storfe#Jur-2
594,522003,Streptocillin vet,Benzylpenicillinprokainmonohydrat | Dihydrostreptomycin,Intramammarie,200 mg | 200 mg,,8,,,,1,4,1,6,8,192,,g,https://www.dmp.no/veterinermedisin/terapianbefalinger-og-forskrivning-av-legemidler-til-dyr/bruk-av-antibakterielle-midler-til-matproduserende-dyr/terapianbefalinger-for-storfe#Jur-2
34,402743,Streptocillin vet,Benzylpenicillinprokain | Dihydrostreptomycin,Injeksjon,200 mg | 250 mg,45 mg/kg,1,10,0.1,0.2,40,1300,1,10,4,2600,5200,ml,https://www.felleskatalogen.no/medisin-vet/streptocillin-vet-boehringer-ingelheim-animal-health-nordics-a-s-564194
7604,402735,Streptocillin vet,Benzylpenicillin | Dihydrostreptomycin,Injeksjon,200 mg | 250 mg,45 mg/kg,1,10,0.1,0.2,40,1300,1,10,4,2600,5200,ml,https://www.felleskatalogen.no/medisin-vet/streptocillin-vet-boehringer-ingelheim-animal-health-nordics-a-s-564194
2,402735,Streptocillin vet,Benzylpenicillin | Dihydrostreptomycin,Injeksjon,200 mg | 250 mg,45 mg/kg,1,10,0.1,0.2,40,1300,1,10,4,2600,5200,ml,https://www.felleskatalogen.no/medisin-vet/streptocillin-vet-boehringer-ingelheim-animal-health-nordics-a-s-564194
10192,145003,Streptocillin vet,Benzylpenicillinprokain | Dihydrostreptomycin,Injeksjon,200 mg | 250 mg,45 mg/kg,1,10,0.1,0.2,40,1300,1,10,4,2600,5200,ml,https://www.felleskatalogen.no/medisin-vet/streptocillin-vet-boehringer-ingelheim-animal-health-nordics-a-s-564194
4,145003,Streptocillin vet,Benzylpenicillinprokain | Dihydrostreptomycin,Injeksjon,200 mg | 250 mg,45 mg/kg,1,10,0.1,0.2,40,1300,1,10,4,2600,5200,ml,https://www.felleskatalogen.no/medisin-vet/streptocillin-vet-boehringer-ingelheim-animal-health-nordics-a-s-564194
1,244418,Strepto-fatol,Streptomycin,Injeksjon_pulver,1 g per  pk,22–33 mg/kg,0.022,1,0.022,0.033,40,1300,1,5,0.88,214.5,429,g,https://www.msdvetmanual.com/multimedia/table/dosages-of-aminoglycosides
1,222851,Sulfametizol alternova,Sulfametizol,Tablett,500 mg,55 mg/kg,0.11,1,0.11,,40,1300,1,5,4.4,715,1430,stk,https://www.msdvetmanual.com/multimedia/table/dosages-of-sulfonamides
13293,165035,Synulox Comp vet,Amoksicillin | Klavulansyre | Prednisolon,Intramammarie,200 mg | 50 mg | 10 mg,,,,,,1,4,1,6,1,24,,sprøyte,https://www.dmp.no/veterinermedisin/terapianbefalinger-og-forskrivning-av-legemidler-til-dyr/bruk-av-antibakterielle-midler-til-matproduserende-dyr/terapianbefalinger-for-storfe#Jur-2
4833,165035,Synulox Comp vet,Amoksicillin | Klavulansyre | Prednisolon,Intramammarie,200 mg | 50 mg | 10 mg,,,,,,1,4,1,6,1,24,,sprøyte,https://www.dmp.no/veterinermedisin/terapianbefalinger-og-forskrivning-av-legemidler-til-dyr/bruk-av-antibakterielle-midler-til-matproduserende-dyr/terapianbefalinger-for-storfe#Jur-2
132,361411,Synulox LC Plus vet,Amoksicillin | Klavulansyre | Prednisolon,Intramammarie,200 mg | 50 mg | 10 mg,,,,1,,1,4,1,6,1,24,,sprøyte,https://www.dmp.no/veterinermedisin/terapianbefalinger-og-forskrivning-av-legemidler-til-dyr/bruk-av-antibakterielle-midler-til-matproduserende-dyr/terapianbefalinger-for-storfe#Jur-2
63,361411,Synulox LC Plus vet,Amoksicillin | Klavulansyre | Prednisolon,Intramammarie,200 mg | 50 mg | 10 mg,,,,,,1,4,1,6,1,24,,sprøyte,https://www.dmp.no/veterinermedisin/terapianbefalinger-og-forskrivning-av-legemidler-til-dyr/bruk-av-antibakterielle-midler-til-matproduserende-dyr/terapianbefalinger-for-storfe#Jur-2
16,252900,Synulox Ready-To-Use vet,Amoksicillin | Klavulansyre,Injeksjon,140 mg per 1 ml | 35 mg per 1 ml,8.75 mg/kg,1,20,0.05,,40,1300,1,5,2,325,650,ml,https://assets.hpra.ie/products/Animal/171/ie-spc-600000064363-np-vpa10387-075-001-en_14042025150332.pdf
10,240237,Synulox Ready-To-Use vet,Amoksicillin | Klavulansyre,Injeksjon,140 mg per 1 ml | 35 mg per 1 ml,8.75 mg/kg,1,20,0.05,,40,1300,1,5,2,325,650,ml,https://assets.hpra.ie/products/Animal/171/ie-spc-600000064363-np-vpa10387-075-001-en_14042025150332.pdf
24,169623,Synulox vet,Amoksicillin | Klavulansyre,Injeksjon,140 mg per 1 ml | 35 mg per 1 ml,8.75 mg/kg,1,20,0.05,,40,1300,1,5,2,325,650,ml,https://assets.hpra.ie/products/Animal/171/ie-spc-600000064363-np-vpa10387-075-001-en_14042025150332.pdf
2,169623,Synulox vet,Amoksicillin | Klavulansyre,Injeksjon,140 mg per 1 ml | 35 mg per 1 ml,8.75 mg/kg,1,20,0.05,,40,1300,1,5,2,325,650,ml,https://assets.hpra.ie/products/Animal/171/ie-spc-600000064363-np-vpa10387-075-001-en_14042025150332.pdf
4,88435,Synulox vet,Amoksicillin | Klavulansyre,Tablett,200 mg | 50 mg,8.75 mg/kg,0.035,1,0.035,,40,1300,1,5,1.4,227.5,455,stk,https://assets.hpra.ie/products/Animal/171/ie-spc-600000064363-np-vpa10387-075-001-en_14042025150332.pdf
4,88419,Synulox vet,Amoksicillin | Klavulansyre,Tablett,40 mg | 10 mg,8.75 mg/kg,0.175,1,0.175,,40,1300,1,5,7,1137.5,2275,stk,https://assets.hpra.ie/products/Animal/171/ie-spc-600000064363-np-vpa10387-075-001-en_14042025150332.pdf
38,30981,Synulox vet,Amoksicillin | Klavulansyre,Tablett,400 mg | 100 mg,8.75 mg/kg,0.0175,1,0.0175,,40,1300,1,5,0.7,113.75,227.5,stk,https://assets.hpra.ie/products/Animal/171/ie-spc-600000064363-np-vpa10387-075-001-en_14042025150332.pdf
5607,400176,Terramycin Prolongatum vet,Oksytetrasyklin,Injeksjon,200 mg per 1 ml,20 mg pr. kg,1,10,0.1,,40,1300,1,1,4,130,260,ml,https://www.felleskatalogen.no/medisin-vet/terramycin-prolongatum-vet-zoetis-564558?markering=0#dosering
4797,531046,Terramycin vet,Oksytetrasyklin,Injeksjon,100 mg per 1 ml,5 – 10 mg/kg,1,10,0.1,0.2,40,1300,1,5,4,1300,2600,ml,https://vetisearch.no/spcs/39034-terramycin-vet
7,531046,Terramycin vet,Oksytetrasyklin,Injeksjon,100 mg per 1 ml,5 – 10 mg/kg,1,10,0.1,0.2,40,1300,1,5,4,1300,2600,ml,https://vetisearch.no/spcs/39034-terramycin-vet
6618,529529,Terramycin vet,Oksytetrasyklin,Injeksjon,100 mg per 1 ml,5 – 10 mg/kg,1,10,0.1,0.2,40,1300,1,5,4,1300,2600,ml,https://vetisearch.no/spcs/39034-terramycin-vet
3,529529,Terramycin vet,Oksytetrasyklin,Injeksjon,100 mg per 1 ml,5 – 10 mg/kg,1,10,0.1,0.2,40,1300,1,5,4,1300,2600,ml,https://vetisearch.no/spcs/39034-terramycin-vet
238,287359,Terramycin vet,Oksytetrasyklin,Uteritorie,500 mg,5 – 10 mg/kg,3,1,1,,1,1,1,3,1,9,18,stk,https://fass.se/animal/product/19710528000014/fass-text#dosage
65,164764,Terramycin vet,Oksytetrasyklin,Oralt pulver,200 mg per 1 g,40 mg/kg twice,0.4,1,0.4,,40,1300,1,10,16,5200,10400,g,https://www.felleskatalogen.no/medisin-vet/terramycin-vet-phibro-animal-health-564559?markering=0
1527,157818,Terramycin vet,Oksytetrasyklin,Uteritorie,500 mg,5 – 10 mg/kg,3,1,1,,1,1,1,3,1,9,18,stk,https://fass.se/animal/product/19710528000014/fass-text#dosage
52,582726,Tribrissen vet,Sulfadiazin | Trimetoprim,Tablett,400 mg | 80 mg,15 mg/kg,0.03,1,0.03,,40,1300,1,10,1.2,390,780,stk,https://www.felleskatalogen.no/medisin-vet/tulaven-ceva-santee-animale-684782#dosering
126,430157,Tribrissen vet,Sulfadiazin | Trimetoprim,Injeksjon,400 mg per 1 ml | 80 mg per 1 ml,15 mg/kg,3,100,0.03,,40,1300,1,10,1.2,390,780,ml,https://www.felleskatalogen.no/medisin-vet/tulaven-ceva-santee-animale-684782#dosering
6,145318,Tribrissen vet,Sulfadiazin | Trimetoprim,Oralt pulver,333 mg per 1 g | 67 mg per 1 g,15 mg/kg,0.0000375,1,0.0000375,,40,1300,1,10,0.0015,0.4875,0.975,kg,https://www.felleskatalogen.no/medisin-vet/tulaven-ceva-santee-animale-684782#dosering
10048,81406,Tribrissen vet,Sulfadiazin | Trimetoprim,Injeksjon,400 mg per 1 ml | 80 mg per 1 ml,15 mg/kg,3,100,0.03,,40,1300,1,10,1.2,390,780,ml,https://www.felleskatalogen.no/medisin-vet/tulaven-ceva-santee-animale-684782#dosering
27,519445,Trymox vet,Amoksicillin,Injeksjon,150 mg per 1 ml,15 mg/kg,1,10,0.1,,40,1300,1,2,4,260,520,ml,https://www.felleskatalogen.no/medisin-vet/trymox-vet-univet-ltd-697158?markering=0
1,175956,Tulaven,Tulatromycin,Injeksjon,100 mg per 1 ml,"2,5 mg/kg",1,40,0.025,,40,1300,1,1,1,32.5,65,ml,https://www.felleskatalogen.no/medisin-vet/tulaven-ceva-santee-animale-684782#dosering
27,205876,Ubrostar dry cow vet,Benzylpenicillin | Penetamat | Framycetin,Intramammarie DCT,280 mg per 1 sprøyte | 100 mg per 1 sprøyte | 100 mg per 1 sprøyte,,,,1,,1,4,1,1,1,4,,sprøyte,https://www.noahcompendium.co.uk/?id=-447854
12,376742,Zactran,Gamitromycin,Injeksjon,150 mg per 1 ml,6 mg/kg,1,25,0.04,,40,1300,1,1,1.6,52,104,ml,https://www.felleskatalogen.no/medisin-vet/zactran-boehringer-ingelheim-vetmedica-gmbh-567793?markering=0#dosering
4442,159386,Zactran,Gamitromycin,Injeksjon,150 mg per 1 ml,6 mg/kg,1,25,0.04,,40,1300,1,1,1.6,52,104,ml,https://www.felleskatalogen.no/medisin-vet/zactran-boehringer-ingelheim-vetmedica-gmbh-567793?markering=0#dosering
204,485224,Zeleris,Florfenikol | Meloksikam,Injeksjon,400 mg per 1 ml | 5 mg per 1 ml,40 mg/kg,1,10,0.1,,40,1300,1,1,4,130,260,ml,https://www.felleskatalogen.no/medisin-vet/zeleris-ceva-santee-animale-648234?markering=0#dosering
364,99684,Zeleris,Florfenikol | Meloksikam,Injeksjon,400 mg per 1 ml | 5 mg per 1 ml,40 mg/kg,1,10,0.1,,40,1300,1,1,4,130,260,ml,https://www.felleskatalogen.no/medisin-vet/zeleris-ceva-santee-animale-648234?markering=0#dosering
,043562,Sulfa-Streptocillin vet,Benzylpenicillinprokain | Dihydrostreptomycin | Sulfadimidin,Uteritorie, 250 mg per 1 stk | 500 mg per 1 stk | 4 g per 1 stk,1-4 per cow per day,1,1,1,4,1,1,1,5,1,20,,stk,
,128131,Sulfa-Streptocillin vet,Benzylpenicillinprokain | Dihydrostreptomycin | Sulfadimidin,Uteritorie, 250 mg per 1 stk | 500 mg per 1 stk | 4 g per 1 stk,1-4 per cow per day,1,1,1,4,1,1,1,5,1,20,,stk,
,195202,Vetmast,Penetamat,Injeksjon,236.3 mg per 1 ml,14.2 mg/kg/day,2,1,1,3,1,1,1,4,1,12,24,S,https://vetisearch.no/spcs/39270-vetmast
,326509,Adjusol TMP Sulfa vet,Sulfadiazin | Trimetoprim,Mikstur,83.35 mg per 1 ml | 16.65 mg per 1 ml,30 mg/kg/day,0.003,10,0.0003,0.0003,40,150,1,7,0.012,0.315,0.63,L,https://www.vetlis.no/accounts/vetlisWebNo/uploads/userfiles/files/Adjusol.pdf
,383638,Imacillin,Amoksicillin,Mikstur,50 mg per 1 ml,20 mg/kg/day,4,10,0.4,0.4,40,150,1,5,16,300,600,ml,https://www.felleskatalogen.no/medisin-vet/clamoxyl-vet-zoetis-547554
,000531,Imacillin,Amoksicillin,Mikstur,100 mg per 1 ml,20 mg/kg/day,2,10,0.2,0.2,40,150,1,5,8,150,300,ml,https://www.felleskatalogen.no/medisin-vet/clamoxyl-vet-zoetis-547554
,076083,Clamoxyl vet,Amoksicillin,Tablett,200 mg,7 mg/kg,0.035,1,0.035,,40,1300,1,5,1.4,227.5,455,stk,https://www.felleskatalogen.no/medisin-vet/clamoxyl-vet-zoetis-547554
,044046,Clamoxyl vet,Amoksicillin,Tablett,40 mg,7 mg/kg,0.175,1,0.175,,40,1300,1,5,7,1137.5,2275,stk,https://www.felleskatalogen.no/medisin-vet/clamoxyl-vet-zoetis-547554
,440677,Penicillin Actavis,Benzylpenicillin,Injeksjon_pulver,600 mg,20000-60000 IE/kg/dag,0.012,1,0.012,,40,1300,1,10,0.48,156,,g,https://www.felleskatalogen.no/medisin-vet/penovet-vet-boehringer-ingelheim-animal-health-nordics-a-s-562709
,546846,Benzylpenicillin Panpharma,Benzylpenicillinnatrium,Injeksjon_pulver,6 g,20000-60000 IE/kg/dag,0.012,1,0.012,,40,1300,1,10,0.48,156,312,g,https://www.felleskatalogen.no/medisin-vet/penovet-vet-boehringer-ingelheim-animal-health-nordics-a-s-562709
,002971,Doxylin,Doksysyklin,Tablett,100 mg,10 mg/kg,0.1,1,0.1,,40,150,1,5,4,75,150,stk,https://www.felleskatalogen.no/medisin-vet/ronaxan-vet-boehringer-ingelheim-animal-health-nordics-a-s-563614
,440677,Penicillin Actavis,Benzylpenicillin,Injeksjon_pulver,600 mg,20000-60000 IE/kg/dag,12,1,12,,40,1300,1,10,480,156000,312000,mg,https://www.felleskatalogen.no/medisin-vet/penovet-vet-boehringer-ingelheim-animal-health-nordics-a-s-562709
,000002,Prokainpenicillin/dihydrostreptomycin,Benzylpenicillin | Dihydrostreptomycin,Intramammarie,250 mg per 1 ml | 200 mg per 1 ml,,,,,,1,4,1,6,0.001,0.024,,l,https://www.dmp.no/veterinermedisin/terapianbefalinger-og-forskrivning-av-legemidler-til-dyr/bruk-av-antibakterielle-midler-til-matproduserende-dyr/terapianbefalinger-for-storfe#Jur-2
,546846,Benzylpenicillin Panpharma,Benzylpenicillinnatrium,Injeksjon_pulver,6 g,20000-60000 IE/kg/dag,0.02,1,0.02,,40,1300,1,10,0.8,260,520,mill IE,https://www.felleskatalogen.no/medisin-vet/penovet-vet-boehringer-ingelheim-animal-health-nordics-a-s-562709
,589531,Apocillin,Fenoksymetylpenicillin,Tablett,660 mg,30-95 mg/kg,0.045,1,0.045,0.14,40,1300,1,10,1.8,1820,3640,stk,https://www.msdvetmanual.com/multimedia/table/dosages-of-penicillins
,589499,Apocillin,Fenoksymetylpenicillin,Tablett,660 mg,30-95 mg/kg,0.045,1,0.045,0.14,40,1300,1,10,1.8,1820,3640,stk,https://www.msdvetmanual.com/multimedia/table/dosages-of-penicillins
,589481,Apocillin,Fenoksymetylpenicillin,Tablett,330 mg,30-95 mg/kg,0.09,1,0.09,0.29,40,1300,1,10,3.6,3770,7540,stk,https://www.msdvetmanual.com/multimedia/table/dosages-of-penicillins
,016584,Apocillin,Fenoksymetylpenicillin,Granulat til mikstur,50 mg per 1 ml,30-95 mg/kg,0.6,1,0.6,1.9,40,1300,1,10,24,24700,49400,ml,https://www.msdvetmanual.com/multimedia/table/dosages-of-penicillins
,019786,Amoxicillin Mylan,Amoksicillin,Kapsel hard,500 mg,7-20 mg/kg,0.014,1,0.014,0.04,40,1300,1,5,0.56,260,520,stk,https://www.felleskatalogen.no/medisin-vet/clamoxyl-vet-zoetis-547554
,014147,Amoxicillin Sandoz,Amoksicillin,Pulver til mikstur suspensjon,100 mg per 1 ml,7-20 mg/kg,0.07,1,0.07,0.2,40,1300,1,5,2.8,1300,2600,ml,https://www.felleskatalogen.no/medisin-vet/clamoxyl-vet-zoetis-547554
,014158,Amoxicillin Sandoz,Amoksicillin,Pulver til mikstur suspensjon,100 mg per 1 ml,7-20 mg/kg,0.07,1,0.07,0.2,40,1300,1,5,2.8,1300,2600,ml,https://www.felleskatalogen.no/medisin-vet/clamoxyl-vet-zoetis-547554
,129797,Imaxi,Amoksicillin,Pulver til mikstur suspensjon,100 mg per 1 ml,7-20 mg/kg,0.07,1,0.07,0.2,40,1300,1,5,2.8,1300,2600,ml,https://www.felleskatalogen.no/medisin-vet/clamoxyl-vet-zoetis-547554
,594446,Imaxi,Amoksicillin,Pulver til mikstur suspensjon,50 mg per 1 ml,7-20 mg/kg,0.14,1,0.14,0.4,40,1300,1,5,5.6,2600,5200,ml,https://www.felleskatalogen.no/medisin-vet/clamoxyl-vet-zoetis-547554
,357316,InfectoMox,Amoksicillin,Pulver til mikstur suspensjon,100 mg per 1 ml,7-20 mg/kg,0.07,1,0.07,0.2,40,1300,1,5,2.8,1300,2600,ml,https://www.felleskatalogen.no/medisin-vet/clamoxyl-vet-zoetis-547554
